audioset_index,audioset_mid,model_index,model_mid
0,/m/09x0r,20,/m/09x0r
1,/m/05zppz,515,/m/05zppz
2,/m/02zsn,522,/m/02zsn
3,/m/0ytgt,429,/m/0ytgt
4,/m/01h8n0,404,/m/01h8n0
5,/m/02qldy,520,/m/02qldy
6,/m/0261r1,284,/m/0261r1
7,/m/0brhx,151,/m/0brhx
8,/m/07p6fty,344,/m/07p6fty
9,/m/07q4ntr,18,/m/07q4ntr
10,/m/07rwj3x,19,/m/07rwj3x
11,/m/07sr1lc,50,/m/07sr1lc
12,/m/04gy_2,334,/m/04gy_2
13,/t/dd00135,433,/t/dd00135
14,/m/03qc9zr,34,/m/03qc9zr
15,/m/02rtxlg,413,/m/02rtxlg
16,/m/01j3sz,472,/m/01j3sz
17,/t/dd00001,473,/t/dd00001
18,/m/07r660_,244,/m/07r660_
19,/m/07s04w4,155,/m/07s04w4
20,/m/07sq110,245,/m/07sq110
21,/m/07rgt08,242,/m/07rgt08
22,/m/0463cq4,498,/m/0463cq4
23,/t/dd00002,395,/t/dd00002
24,/m/07qz6j3,81,/m/07qz6j3
25,/m/07qw_06,431,/m/07qw_06
26,/m/07plz5l,62,/m/07plz5l
27,/m/015lz1,49,/m/015lz1
28,/m/0l14jd,290,/m/0l14jd
29,/m/01swy6,443,/m/01swy6
30,/m/02bk07,265,/m/02bk07
31,/m/01c194,411,/m/01c194
32,/t/dd00003,64,/t/dd00003
33,/t/dd00004,191,/t/dd00004
34,/t/dd00005,320,/t/dd00005
35,/t/dd00006,438,/t/dd00006
36,/m/06bxc,493,/m/06bxc
37,/m/02fxyj,430,/m/02fxyj
38,/m/07s2xch,410,/m/07s2xch
39,/m/07r4k75,323,/m/07r4k75
40,/m/01w250,393,/m/01w250
41,/m/0lyf6,310,/m/0lyf6
42,/m/07mzm6,285,/m/07mzm6
43,/m/01d3sd,477,/m/01d3sd
44,/m/07s0dtb,466,/m/07s0dtb
45,/m/07pyy8b,158,/m/07pyy8b
46,/m/07q0yl5,170,/m/07q0yl5
47,/m/01b_21,156,/m/01b_21
48,/m/0dl9sf8,141,/m/0dl9sf8
49,/m/01hsr_,213,/m/01hsr_
50,/m/07ppn3j,526,/m/07ppn3j
51,/m/06h7j,405,/m/06h7j
52,/m/07qv_x_,391,/m/07qv_x_
53,/m/07pbtc8,185,/m/07pbtc8
54,/m/03cczk,357,/m/03cczk
55,/m/07pdhp0,491,/m/07pdhp0
56,/m/0939n_,383,/m/0939n_
57,/m/01g90h,456,/m/01g90h
58,/m/03q5_w,122,/m/03q5_w
59,/m/02p3nc,506,/m/02p3nc
60,/m/02_nn,134,/m/02_nn
61,/m/0k65p,470,/m/0k65p
62,/m/025_jnm,90,/m/025_jnm
63,/m/0l15bq,449,/m/0l15bq
64,/m/01jg02,86,/m/01jg02
65,/m/01jg1z,234,/m/01jg1z
66,/m/053hz1,485,/m/053hz1
67,/m/028ght,483,/m/028ght
68,/m/07rkbfh,94,/m/07rkbfh
69,/m/03qtwd,198,/m/03qtwd
70,/m/07qfr4h,199,/m/07qfr4h
71,/t/dd00013,271,/t/dd00013
72,/m/0jbk,61,/m/0jbk
73,/m/068hy,148,/m/068hy
74,/m/0bt9lr,149,/m/0bt9lr
75,/m/05tny_,339,/m/05tny_
76,/m/07r_k2n,487,/m/07r_k2n
77,/m/07qf0zm,480,/m/07qf0zm
78,/m/07rc7d9,488,/m/07rc7d9
79,/m/0ghcn6,400,/m/0ghcn6
80,/t/dd00136,150,/t/dd00136
81,/m/01yrx,335,/m/01yrx
82,/m/02yds9,221,/m/02yds9
83,/m/07qrkrw,336,/m/07qrkrw
84,/m/07rjwbb,1,/m/07rjwbb
85,/m/07r81j2,277,/m/07r81j2
86,/m/0ch8v,60,/m/0ch8v
87,/m/03k3r,308,/m/03k3r
88,/m/07rv9rh,186,/m/07rv9rh
89,/m/07q5rw0,287,/m/07q5rw0
90,/m/01xq0k1,222,/m/01xq0k1
91,/m/07rpkh9,223,/m/07rpkh9
92,/m/0239kh,40,/m/0239kh
93,/m/068zj,382,/m/068zj
94,/t/dd00018,181,/t/dd00018
95,/m/03fwl,59,/m/03fwl
96,/m/07q0h5t,268,/m/07q0h5t
97,/m/07bgp,267,/m/07bgp
98,/m/025rv6n,162,/m/025rv6n
99,/m/09b5t,164,/m/09b5t
100,/m/07st89h,163,/m/07st89h
101,/m/07qn5dc,427,/m/07qn5dc
102,/m/01rd7k,348,/m/01rd7k
103,/m/07svc2k,349,/m/07svc2k
104,/m/09ddx,299,/m/09ddx
105,/m/07qdb04,423,/m/07qdb04
106,/m/0dbvp,300,/m/0dbvp
107,/m/07qwf61,321,/m/07qwf61
108,/m/01280g,371,/m/01280g
109,/m/0cdnk,458,/m/0cdnk
110,/m/04cvmfc,257,/m/04cvmfc
111,/m/015p6,171,/m/015p6
112,/m/020bb7,139,/m/020bb7
113,/m/07pggtn,172,/m/07pggtn
114,/m/07sx8x_,478,/m/07sx8x_
115,/m/0h0rv,370,/m/0h0rv
116,/m/07r_25d,369,/m/07r_25d
117,/m/04s8yn,216,/m/04s8yn
118,/m/07r5c2p,217,/m/07r5c2p
119,/m/09d5_,43,/m/09d5_
120,/m/07r_80w,42,/m/07r_80w
121,/m/05_wcq,459,/m/05_wcq
122,/m/01z5f,157,/m/01z5f
123,/m/06hps,324,/m/06hps
124,/m/04rmv,251,/m/04rmv
125,/m/07r4gkf,255,/m/07r4gkf
126,/m/03vt0,142,/m/03vt0
127,/m/09xqv,143,/m/09xqv
128,/m/09f96,484,/m/09f96
129,/m/0h2mp,253,/m/0h2mp
130,/m/07pjwq1,462,/m/07pjwq1
131,/m/01h3n,252,/m/01h3n
132,/m/09ld4,154,/m/09ld4
133,/m/07st88b,153,/m/07st88b
134,/m/078jl,0,/m/078jl
135,/m/07qn4z3,236,/m/07qn4z3
136,/m/032n05,525,/m/032n05
137,/m/04rlf,2,/m/04rlf
138,/m/04szw,8,/m/04szw
139,/m/0fx80y,10,/m/0fx80y
140,/m/0342h,6,/m/0342h
141,/m/02sgy,5,/m/02sgy
142,/m/018vs,12,/m/018vs
143,/m/042v_gx,7,/m/042v_gx
144,/m/06w87,352,/m/06w87
145,/m/01glhc,202,/m/01glhc
146,/m/07s0s5r,374,/m/07s0s5r
147,/m/018j2,384,/m/018j2
148,/m/0jtg0,469,/m/0jtg0
149,/m/04rzd,288,/m/04rzd
150,/m/01bns_,439,/m/01bns_
151,/m/07xzm,24,/m/07xzm
152,/m/05148p4,379,/m/05148p4
153,/m/05r5c,380,/m/05r5c
154,/m/01s0ps,377,/m/01s0ps
155,/m/013y1f,174,/m/013y1f
156,/m/03xq_f,175,/m/03xq_f
157,/m/03gvt,378,/m/03gvt
158,/m/0l14qv,232,/m/0l14qv
159,/m/01v1d8,101,/m/01v1d8
160,/m/03q5t,421,/m/03q5t
161,/m/0l14md,33,/m/0l14md
162,/m/02hnl,28,/m/02hnl
163,/m/0cfdd,102,/m/0cfdd
164,/m/026t6,26,/m/026t6
165,/m/06rvn,31,/m/06rvn
166,/m/03t3fj,41,/m/03t3fj
167,/m/02k_mr,292,/m/02k_mr
168,/m/0bm02,32,/m/0bm02
169,/m/011k_j,39,/m/011k_j
170,/m/01p970,121,/m/01p970
171,/m/01qbl,25,/m/01qbl
172,/m/03qtq,30,/m/03qtq
173,/m/01sm1g,482,/m/01sm1g
174,/m/07brj,347,/m/07brj
175,/m/05r5wn,328,/m/05r5wn
176,/m/0xzly,166,/m/0xzly
177,/m/0mbct,165,/m/0mbct
178,/m/016622,454,/m/016622
179,/m/0j45pbj,220,/m/0j45pbj
180,/m/0dwsp,218,/m/0dwsp
181,/m/0dwtp,219,/m/0dwtp
182,/m/0dwt5,375,/m/0dwt5
183,/m/0l156b,388,/m/0l156b
184,/m/05pd6,230,/m/05pd6
185,/m/01kcd,195,/m/01kcd
186,/m/0319l,229,/m/0319l
187,/m/07gql,272,/m/07gql
188,/m/07c6l,197,/m/07c6l
189,/m/0l14_3,17,/m/0l14_3
190,/m/02qmj0d,397,/m/02qmj0d
191,/m/07y_7,184,/m/07y_7
192,/m/0d8_n,16,/m/0d8_n
193,/m/01xqw,183,/m/01xqw
194,/m/02fsn,15,/m/02fsn
195,/m/085jw,177,/m/085jw
196,/m/0l14j_,325,/m/0l14j_
197,/m/06ncr,196,/m/06ncr
198,/m/01wy6,503,/m/01wy6
199,/m/03m5k,463,/m/03m5k
200,/m/0395lw,408,/m/0395lw
201,/m/03w41f,412,/m/03w41f
202,/m/027m70_,453,/m/027m70_
203,/m/0gy1t2s,479,/m/0gy1t2s
204,/m/07n_g,507,/m/07n_g
205,/m/0f8s22,283,/m/0f8s22
206,/m/026fgl,282,/m/026fgl
207,/m/0150b9,502,/m/0150b9
208,/m/03qjg,176,/m/03qjg
209,/m/0mkg,304,/m/0mkg
210,/m/0192l,322,/m/0192l
211,/m/02bxd,417,/m/02bxd
212,/m/0l14l2,307,/m/0l14l2
213,/m/07kc_,468,/m/07kc_
214,/m/0l14t7,481,/m/0l14t7
215,/m/01hgjl,100,/m/01hgjl
216,/m/064t9,494,/m/064t9
217,/m/0glt670,492,/m/0glt670
218,/m/02cz_7,67,/m/02cz_7
219,/m/06by7,152,/m/06by7
220,/m/03lty,108,/m/03lty
221,/m/05r6t,291,/m/05r6t
222,/m/0dls3,95,/m/0dls3
223,/m/0dl5d,109,/m/0dl5d
224,/m/07sbbz2,279,/m/07sbbz2
225,/m/05w3f,233,/m/05w3f
226,/m/06j6l,248,/m/06j6l
227,/m/0gywn,394,/m/0gywn
228,/m/06cqb,513,/m/06cqb
229,/m/01lyv,311,/m/01lyv
230,/m/015y_n,70,/m/015y_n
231,/m/0gg8l,312,/m/0gg8l
232,/m/02x8m,326,/m/02x8m
233,/m/02w4v,376,/m/02w4v
234,/m/06j64v,447,/m/06j64v
235,/m/03_d0,486,/m/03_d0
236,/m/026z9,159,/m/026z9
237,/m/0ggq0m,464,/m/0ggq0m
238,/m/05lls,260,/m/05lls
239,/m/02lkt,29,/m/02lkt
240,/m/03mb9,398,/m/03mb9
241,/m/07gxw,161,/m/07gxw
242,/m/07s72n,211,/m/07s72n
243,/m/0283d,27,/m/0283d
244,/m/0m0jc,327,/m/0m0jc
245,/m/08cyft,455,/m/08cyft
246,/m/0fd3y,351,/m/0fd3y
247,/m/07lnk,65,/m/07lnk
248,/m/0g293,402,/m/0g293
249,/m/0ln16,289,/m/0ln16
250,/m/0326g,510,/m/0326g
251,/m/0155w,247,/m/0155w
252,/m/05fw6t,425,/m/05fw6t
253,/m/02v2lh,350,/m/02v2lh
254,/m/0y4f8,261,/m/0y4f8
255,/m/0z9c,136,/m/0z9c
256,/m/0164x2,241,/m/0164x2
257,/m/0145m,240,/m/0145m
258,/m/02mscn,231,/m/02mscn
259,/m/016cjb,419,/m/016cjb
260,/m/028sqc,451,/m/028sqc
261,/m/015vgc,428,/m/015vgc
262,/m/0dq0md,505,/m/0dq0md
263,/m/06rqw,224,/m/06rqw
264,/m/02p0sh1,303,/m/02p0sh1
265,/m/05rwpb,117,/m/05rwpb
266,/m/074ft,286,/m/074ft
267,/m/025td0t,508,/m/025td0t
268,/m/02cjck,214,/m/02cjck
269,/m/03r5q_,238,/m/03r5q_
270,/m/0l14gg,296,/m/0l14gg
271,/m/07pkxdp,250,/m/07pkxdp
272,/m/01z7dr,295,/m/01z7dr
273,/m/0140xf,390,/m/0140xf
274,/m/0ggx5q,160,/m/0ggx5q
275,/m/04wptg,329,/m/04wptg
276,/t/dd00031,314,/t/dd00031
277,/t/dd00032,112,/t/dd00032
278,/t/dd00033,203,/t/dd00033
279,/t/dd00034,337,/t/dd00034
280,/t/dd00035,275,/t/dd00035
281,/t/dd00036,63,/t/dd00036
282,/t/dd00037,361,/t/dd00037
283,/m/03m9d0z,192,/m/03m9d0z
284,/m/09t49,212,/m/09t49
285,/t/dd00092,127,/t/dd00092
286,/m/0jb2l,445,/m/0jb2l
287,/m/0ngt1,435,/m/0ngt1
288,/m/0838f,105,/m/0838f
289,/m/06mb1,434,/m/06mb1
290,/m/07r10fb,471,/m/07r10fb
291,/t/dd00038,523,/t/dd00038
292,/m/0j6m2,124,/m/0j6m2
293,/m/0j2kx,495,/m/0j2kx
294,/m/05kq4,193,/m/05kq4
295,/m/034srq,385,/m/034srq
296,/m/06wzb,281,/m/06wzb
297,/m/07swgks,246,/m/07swgks
298,/m/02_41,84,/m/02_41
299,/m/07pzfmf,88,/m/07pzfmf
300,/m/07yv9,82,/m/07yv9
301,/m/019jd,36,/m/019jd
302,/m/0hsrw,194,/m/0hsrw
303,/m/056ks2,345,/m/056ks2
304,/m/02rlv9,37,/m/02rlv9
305,/m/06q74,386,/m/06q74
306,/m/012f08,206,/m/012f08
307,/m/0k4j,131,/m/0k4j
308,/m/0912c9,92,/m/0912c9
309,/m/07qv_d5,476,/m/07qv_d5
310,/m/02mfyn,368,/m/02mfyn
311,/m/04gxbd,301,/m/04gxbd
312,/m/07rknqz,114,/m/07rknqz
313,/m/0h9mv,115,/m/0h9mv
314,/t/dd00134,521,/t/dd00134
315,/m/0ltv,116,/m/0ltv
316,/m/07r04,330,/m/07r04
317,/m/0gvgw0,83,/m/0gvgw0
318,/m/05x_td,293,/m/05x_td
319,/m/02rhddq,461,/m/02rhddq
320,/m/03cl9h,467,/m/03cl9h
321,/m/01bjv,91,/m/01bjv
322,/m/03j1ly,179,/m/03j1ly
323,/m/04qvtq,274,/m/04qvtq
324,/m/012n7d,273,/m/012n7d
325,/m/012ndj,178,/m/012ndj
326,/m/04_sv,98,/m/04_sv
327,/m/0btp2,367,/m/0btp2
328,/m/06d_3,46,/m/06d_3
329,/m/07jdr,47,/m/07jdr
330,/m/04zmvq,45,/m/04zmvq
331,/m/0284vy3,189,/m/0284vy3
332,/m/01g50p,44,/m/01g50p
333,/t/dd00048,418,/t/dd00048
334,/m/0195fx,516,/m/0195fx
335,/m/0k5j,227,/m/0k5j
336,/m/014yck,225,/m/014yck
337,/m/04229,93,/m/04229
338,/m/02l6bg,392,/m/02l6bg
339,/m/09ct_,126,/m/09ct_
340,/m/0cmf2,226,/m/0cmf2
341,/m/0199g,331,/m/0199g
342,/m/06_fw,406,/m/06_fw
343,/m/02mk9,137,/m/02mk9
344,/t/dd00065,342,/t/dd00065
345,/m/08j51y,364,/m/08j51y
346,/m/01yg9g,56,/m/01yg9g
347,/m/01j4z9,306,/m/01j4z9
348,/t/dd00066,132,/t/dd00066
349,/t/dd00067,89,/t/dd00067
350,/m/01h82_,442,/m/01h82_
351,/t/dd00130,138,/t/dd00130
352,/m/07pb8fc,341,/m/07pb8fc
353,/m/07q2z82,113,/m/07q2z82
354,/m/02dgv,68,/m/02dgv
355,/m/03wwcy,474,/m/03wwcy
356,/m/07r67yg,389,/m/07r67yg
357,/m/02y_763,69,/m/02y_763
358,/m/07rjzl8,78,/m/07rjzl8
359,/m/07r4wb8,173,/m/07r4wb8
360,/m/07qcpgn,38,/m/07qcpgn
361,/m/07q6cd_,333,/m/07q6cd_
362,/m/0642b4,409,/m/0642b4
363,/m/0fqfqc,294,/m/0fqfqc
364,/m/04brg2,373,/m/04brg2
365,/m/023pjk,372,/m/023pjk
366,/m/07pn_8q,407,/m/07pn_8q
367,/m/0dxrf,500,/m/0dxrf
368,/m/0fx9l,53,/m/0fx9l
369,/m/02pjr4,259,/m/02pjr4
370,/m/02jz0l,104,/m/02jz0l
371,/m/0130jx,103,/m/0130jx
372,/m/03dnzn,517,/m/03dnzn
373,/m/03wvsk,346,/m/03wvsk
374,/m/01jt3m,188,/m/01jt3m
375,/m/012xff,475,/m/012xff
376,/m/04fgwm,71,/m/04fgwm
377,/m/0d31p,432,/m/0d31p
378,/m/01s0vc,21,/m/01s0vc
379,/m/03v3yw,254,/m/03v3yw
380,/m/0242l,424,/m/0242l
381,/m/01lsmm,125,/m/01lsmm
382,/m/02g901,298,/m/02g901
383,/m/05rj2,524,/m/05rj2
384,/m/0316dw,305,/m/0316dw
385,/m/0c2wf,490,/m/0c2wf
386,/m/01m2v,106,/m/01m2v
387,/m/081rb,128,/m/081rb
388,/m/07pp_mv,316,/m/07pp_mv
389,/m/07cx4,144,/m/07cx4
390,/m/07pp8cl,145,/m/07pp8cl
391,/m/01hnzm,343,/m/01hnzm
392,/m/02c8p,110,/m/02c8p
393,/m/015jpf,332,/m/015jpf
394,/m/01z47d,169,/m/01z47d
395,/m/046dlr,416,/m/046dlr
396,/m/03kmc9,180,/m/03kmc9
397,/m/0dgbq,258,/m/0dgbq
398,/m/030rvx,72,/m/030rvx
399,/m/01y3hg,441,/m/01y3hg
400,/m/0c3f7m,313,/m/0c3f7m
401,/m/04fq5q,77,/m/04fq5q
402,/m/0l156k,401,/m/0l156k
403,/m/06hck5,280,/m/06hck5
404,/t/dd00077,120,/t/dd00077
405,/m/02bm9n,262,/m/02bm9n
406,/m/01x3z,415,/m/01x3z
407,/m/07qjznt,457,/m/07qjznt
408,/m/07qjznl,358,/m/07qjznl
409,/m/0l7xg,263,/m/0l7xg
410,/m/05zc1,119,/m/05zc1
411,/m/0llzx,215,/m/0llzx
412,/m/02x984l,207,/m/02x984l
413,/m/025wky1,22,/m/025wky1
414,/m/024dl,501,/m/024dl
415,/m/01m4t,228,/m/01m4t
416,/m/0dv5r,437,/m/0dv5r
417,/m/07bjf,436,/m/07bjf
418,/m/07k1x,318,/m/07k1x
419,/m/03l9g,465,/m/03l9g
420,/m/03p19w,249,/m/03p19w
421,/m/01b82r,403,/m/01b82r
422,/m/02p01q,366,/m/02p01q
423,/m/023vsd,353,/m/023vsd
424,/m/0_ksk,319,/m/0_ksk
425,/m/01d380,317,/m/01d380
426,/m/014zdl,74,/m/014zdl
427,/m/032s66,79,/m/032s66
428,/m/04zjc,182,/m/04zjc
429,/m/02z32qm,362,/m/02z32qm
430,/m/0_1c,80,/m/0_1c
431,/m/073cg4,96,/m/073cg4
432,/m/0g6b5,276,/m/0g6b5
433,/g/122z_qxw,35,/g/122z_qxw
434,/m/07qsvvw,76,/m/07qsvvw
435,/m/07pxg6y,75,/m/07pxg6y
436,/m/07qqyl4,243,/m/07qqyl4
437,/m/083vt,201,/m/083vt
438,/m/07pczhz,209,/m/07pczhz
439,/m/07pl1bw,200,/m/07pl1bw
440,/m/07qs1cx,167,/m/07qs1cx
441,/m/039jq,399,/m/039jq
442,/m/07q7njn,381,/m/07q7njn
443,/m/07rn7sz,210,/m/07rn7sz
444,/m/04k94,118,/m/04k94
445,/m/07rrlb6,52,/m/07rrlb6
446,/m/07p6mqd,85,/m/07p6mqd
447,/m/07qlwh6,355,/m/07qlwh6
448,/m/07r5v4s,359,/m/07r5v4s
449,/m/07prgkl,129,/m/07prgkl
450,/m/07pqc89,446,/m/07pqc89
451,/t/dd00088,356,/t/dd00088
452,/m/07p7b8y,360,/m/07p7b8y
453,/m/07qlf79,57,/m/07qlf79
454,/m/07ptzwd,266,/m/07ptzwd
455,/m/07ptfmf,519,/m/07ptfmf
456,/m/0dv3j,133,/m/0dv3j
457,/m/0790c,514,/m/0790c
458,/m/0dl83,426,/m/0dl83
459,/m/07rqsjt,11,/m/07rqsjt
460,/m/07qnq_y,338,/m/07qnq_y
461,/m/07rrh0c,187,/m/07rrh0c
462,/m/0b_fwt,9,/m/0b_fwt
463,/m/02rr_,204,/m/02rr_
464,/m/07m2kt,205,/m/07m2kt
465,/m/018w8,512,/m/018w8
466,/m/07pws3f,256,/m/07pws3f
467,/m/07ryjzk,23,/m/07ryjzk
468,/m/07rdhzs,422,/m/07rdhzs
469,/m/07pjjrj,111,/m/07pjjrj
470,/m/07pc8lb,168,/m/07pc8lb
471,/m/07pqn27,504,/m/07pqn27
472,/m/07rbp7_,135,/m/07rbp7_
473,/m/07pyf11,496,/m/07pyf11
474,/m/07qb_dv,3,/m/07qb_dv
475,/m/07qv4k0,297,/m/07qv4k0
476,/m/07pdjhy,354,/m/07pdjhy
477,/m/07s8j8t,278,/m/07s8j8t
478,/m/07plct2,497,/m/07plct2
479,/t/dd00112,440,/t/dd00112
480,/m/07qcx4z,509,/m/07qcx4z
481,/m/02fs_r,66,/m/02fs_r
482,/m/07qwdck,309,/m/07qwdck
483,/m/07phxs1,302,/m/07phxs1
484,/m/07rv4dm,97,/m/07rv4dm
485,/m/07s02z0,420,/m/07s02z0
486,/m/07qh7jl,340,/m/07qh7jl
487,/m/07qwyj0,146,/m/07qwyj0
488,/m/07s34ls,130,/m/07s34ls
489,/m/07qmpdm,54,/m/07qmpdm
490,/m/07p9k1k,499,/m/07p9k1k
491,/m/07qc9xj,414,/m/07qc9xj
492,/m/07rwm0c,190,/m/07rwm0c
493,/m/07phhsh,239,/m/07phhsh
494,/m/07qyrcz,264,/m/07qyrcz
495,/m/07qfgpx,387,/m/07qfgpx
496,/m/07rcgpl,270,/m/07rcgpl
497,/m/07p78v5,452,/m/07p78v5
498,/t/dd00121,55,/t/dd00121
499,/m/07s12q4,396,/m/07s12q4
500,/m/028v0c,235,/m/028v0c
501,/m/01v_m0,489,/m/01v_m0
502,/m/0b9m1,363,/m/0b9m1
503,/m/0hdsk,448,/m/0hdsk
504,/m/0c1dj,147,/m/0c1dj
505,/m/07pt_g0,48,/m/07pt_g0
506,/t/dd00125,4,/t/dd00125
507,/t/dd00126,51,/t/dd00126
508,/t/dd00127,123,/t/dd00127
509,/t/dd00128,14,/t/dd00128
510,/t/dd00129,73,/t/dd00129
511,/m/01b9nn,518,/m/01b9nn
512,/m/01jnbd,58,/m/01jnbd
513,/m/096m7z,208,/m/096m7z
514,/m/06_y0by,140,/m/06_y0by
515,/m/07rgkc5,237,/m/07rgkc5
516,/m/06xkwv,269,/m/06xkwv
517,/m/0g12c5,315,/m/0g12c5
518,/m/08p9q4,511,/m/08p9q4
519,/m/07szfh9,13,/m/07szfh9
520,/m/0chx_,365,/m/0chx_
521,/m/0cj0r,444,/m/0cj0r
522,/m/07p_0gm,87,/m/07p_0gm
523,/m/01jwx6,450,/m/01jwx6
524,/m/07c52,460,/m/07c52
525,/m/06bz3,107,/m/06bz3
526,/m/07hvw1,99,/m/07hvw1
